id,original_path,filename,extension,drive_file_id,size_bytes,file_role,repo_status,classification_status,ocr_document_text,ocr_scene_text,rights,attribution,notes
urbanek-ceske-slovo-001,"Články z Českého slova/1  Články jsou z období od 1. 10. 1938 do 31. 10. 1938.jpg","1  Články jsou z období od 1. 10. 1938 do 31. 10. 1938.jpg",jpg,10aLXQqelbWbkTRYZWCdYVdHJL9qfS9BN,558806,image,drive_listed_repo_path_pending,pending,pending,pending,unknown,Z osobního archivu p. Jaromíra Urbánka.,
urbanek-ceske-slovo-002,"Články z Českého slova/2   Obsah Mnichovské dohody, otázka požadavků Polska měla být řešena později, viz Dodatková prohlášení.jpg","2   Obsah Mnichovské dohody, otázka požadavků Polska měla být řešena později, viz Dodatková prohlášení.jpg",jpg,1NXyQ8D0YehbWAYYFr4sP_iPlo5ZXmS8e,1529487,image,drive_listed_repo_path_pending,pending,pending,pending,unknown,Z osobního archivu p. Jaromíra Urbánka.,
urbanek-ceske-slovo-003,"Články z Českého slova/2a  K dohodě s polskem mělo dojít do tří měsíců ( v  rámci vídeňské arbitráže).jpg","2a  K dohodě s polskem mělo dojít do tří měsíců ( v  rámci vídeňské arbitráže).jpg",jpg,1f2f8O8nPGZwoggOoLRjVMaNRzswwXIV5,941218,image,drive_listed_repo_path_pending,pending,pending,pending,unknown,Z osobního archivu p. Jaromíra Urbánka.,
urbanek-ceske-slovo-004,"Články z Českého slova/3  další  texty bez komentáře.jpg","3  další  texty bez komentáře.jpg",jpg,16k5snKqv6aFMZUVN0-AY9aOgmfrgjRJ1,969462,image,drive_listed_repo_path_pending,pending,pending,pending,unknown,Z osobního archivu p. Jaromíra Urbánka.,
urbanek-ceske-slovo-005,Články z Českého slova/4.jpg,4.jpg,jpg,1NHRhDeZbX5kA0l_eKk1JAqdB_szgbQ4k,589276,image,drive_listed_repo_path_pending,pending,pending,pending,unknown,Z osobního archivu p. Jaromíra Urbánka.,
urbanek-ceske-slovo-006,Články z Českého slova/5.jpg,5.jpg,jpg,1ks8CG8PeD8FuTr9XstEELmNHtJxyHbjZ,677381,image,drive_listed_repo_path_pending,pending,pending,pending,unknown,Z osobního archivu p. Jaromíra Urbánka.,
urbanek-ceske-slovo-007,Články z Českého slova/6.jpg,6.jpg,jpg,1yY5FcCws4hZJW2xKSxlSuUIVdAE83hzp,424003,image,drive_listed_repo_path_pending,pending,pending,pending,unknown,Z osobního archivu p. Jaromíra Urbánka.,
urbanek-ceske-slovo-008,Články z Českého slova/7.jpg,7.jpg,jpg,1VlOxc6Wdt_s2IAem0k5s16-fbVuJEVeF,735983,image,drive_listed_repo_path_pending,pending,pending,pending,unknown,Z osobního archivu p. Jaromíra Urbánka.,
urbanek-ceske-slovo-009,Články z Českého slova/8.jpg,8.jpg,jpg,1oCXuBqqTuJPFL7E_osVdbpE9W559-bT8,516803,image,drive_listed_repo_path_pending,pending,pending,pending,unknown,Z osobního archivu p. Jaromíra Urbánka.,
urbanek-ceske-slovo-010,Články z Českého slova/9.jpg,9.jpg,jpg,1846l06O93U76Z5B7a19-8Hb7iYWie87b,775072,image,drive_listed_repo_path_pending,pending,pending,pending,unknown,Z osobního archivu p. Jaromíra Urbánka.,
urbanek-ceske-slovo-011,Články z Českého slova/10.jpg,10.jpg,jpg,1TxtovTf2PdnSuLTtJn0kmqhxIzYZhh9Y,412720,image,drive_listed_repo_path_pending,pending,pending,pending,unknown,Z osobního archivu p. Jaromíra Urbánka.,
urbanek-ceske-slovo-012,Články z Českého slova/11.jpg,11.jpg,jpg,1sgTvNL9_2yhJVih7cfMPB2qe1C5RPexl,430468,image,drive_listed_repo_path_pending,pending,pending,pending,unknown,Z osobního archivu p. Jaromíra Urbánka.,
urbanek-ceske-slovo-013,Články z Českého slova/12.jpg,12.jpg,jpg,1xP-WZxwIF7q9MFPn0YoIeh4T-ec9isBr,1051069,image,drive_listed_repo_path_pending,pending,pending,pending,unknown,Z osobního archivu p. Jaromíra Urbánka.,
urbanek-ceske-slovo-014,Články z Českého slova/13.jpg,13.jpg,jpg,10AJUFj2t3WfHztpCsP4HsI5VzvmOeZjy,1130611,image,drive_listed_repo_path_pending,pending,pending,pending,unknown,Z osobního archivu p. Jaromíra Urbánka.,
urbanek-ceske-slovo-015,Články z Českého slova/14.jpg,14.jpg,jpg,1FTSEj_taz-HfbApKCK0WIDIEgibr32n9,1009972,image,drive_listed_repo_path_pending,pending,pending,pending,unknown,Z osobního archivu p. Jaromíra Urbánka.,
urbanek-ceske-slovo-016,Články z Českého slova/15.jpg,15.jpg,jpg,19LWDZdxfcR7OrJcWNj761fADEYy4mo__,835465,image,drive_listed_repo_path_pending,pending,pending,pending,unknown,Z osobního archivu p. Jaromíra Urbánka.,
urbanek-ceske-slovo-017,Články z Českého slova/16.jpg,16.jpg,jpg,1Vhhto6GZP-U_WhGk3hhWrJoYOS95-tWV,613341,image,drive_listed_repo_path_pending,pending,pending,pending,unknown,Z osobního archivu p. Jaromíra Urbánka.,
urbanek-ceske-slovo-018,Články z Českého slova/17.jpg,17.jpg,jpg,15JE5Mq2SYCtIOVRU1Xje-u5fi329XnD7,625458,image,drive_listed_repo_path_pending,pending,pending,pending,unknown,Z osobního archivu p. Jaromíra Urbánka.,
urbanek-ceske-slovo-019,Články z Českého slova/18.jpg,18.jpg,jpg,1H63qqzqACEcjrKeZ1dBnNctC74G03-PW,208993,image,drive_listed_repo_path_pending,pending,pending,pending,unknown,Z osobního archivu p. Jaromíra Urbánka.,
urbanek-ceske-slovo-020,Články z Českého slova/19.jpg,19.jpg,jpg,1Q5Cf6NdTRUJvRKeynZoJk7r7DczhhhqJ,559766,image,drive_listed_repo_path_pending,pending,pending,pending,unknown,Z osobního archivu p. Jaromíra Urbánka.,
urbanek-ceske-slovo-021,Články z Českého slova/20.jpg,20.jpg,jpg,18fhhAVFa-_6_8Ga24XzNQCBZdfX1Exh5,1351768,image,drive_listed_repo_path_pending,pending,pending,pending,unknown,Z osobního archivu p. Jaromíra Urbánka.,
urbanek-ceske-slovo-022,Články z Českého slova/21.jpg,21.jpg,jpg,1JYkiefL6uVG25acK_SJhnUYzQJJlLUSI,1596764,image,drive_listed_repo_path_pending,pending,pending,pending,unknown,Z osobního archivu p. Jaromíra Urbánka.,
urbanek-ceske-slovo-023,Články z Českého slova/22.jpg,22.jpg,jpg,1CA5cxS1tGYPhFlT6-VEnjbu5EJS1eCEU,1481826,image,drive_listed_repo_path_pending,pending,pending,pending,unknown,Z osobního archivu p. Jaromíra Urbánka.,
urbanek-ceske-slovo-024,Články z Českého slova/23.jpg,23.jpg,jpg,1ilNJUQ0-DeCZprasckGIacWX7n8aK_dq,938713,image,drive_listed_repo_path_pending,pending,pending,pending,unknown,Z osobního archivu p. Jaromíra Urbánka.,
urbanek-ceske-slovo-025,Články z Českého slova/24.jpg,24.jpg,jpg,186xkDW-dreabUNNfFi_ZqlljVNBVEM44,1311462,image,drive_listed_repo_path_pending,pending,pending,pending,unknown,Z osobního archivu p. Jaromíra Urbánka.,
urbanek-ceske-slovo-026,Články z Českého slova/25.jpg,25.jpg,jpg,1adA0ENT-aj0x1yggR5Fi_eqKOcBqhGbD,1040626,image,drive_listed_repo_path_pending,pending,pending,pending,unknown,Z osobního archivu p. Jaromíra Urbánka.,
urbanek-ceske-slovo-027,Články z Českého slova/26.jpg,26.jpg,jpg,1Jz3q-8L161QEG0guikcYZDSbzVOPlkql,902229,image,drive_listed_repo_path_pending,pending,pending,pending,unknown,Z osobního archivu p. Jaromíra Urbánka.,
urbanek-ceske-slovo-028,Články z Českého slova/27.jpg,27.jpg,jpg,1mLNIG_gcHte_JJCcUeIm-BQkMjZNe8P-,944236,image,drive_listed_repo_path_pending,pending,pending,pending,unknown,Z osobního archivu p. Jaromíra Urbánka.,
urbanek-ceske-slovo-029,Články z Českého slova/28.jpg,28.jpg,jpg,1otSqPXkKVnrCFQjiOo86JckuT4T8rJNK,447277,image,drive_listed_repo_path_pending,pending,pending,pending,unknown,Z osobního archivu p. Jaromíra Urbánka.,
urbanek-ceske-slovo-030,Články z Českého slova/29.jpg,29.jpg,jpg,1VrMvmAq7x63aelxfVjPBe15ZJItZsPgO,658434,image,drive_listed_repo_path_pending,pending,pending,pending,unknown,Z osobního archivu p. Jaromíra Urbánka.,
urbanek-ceske-slovo-031,Články z Českého slova/30.jpg,30.jpg,jpg,12KbKwiyjl1XiYNSLaT2hlCAvjaUPbDvu,528317,image,drive_listed_repo_path_pending,pending,pending,pending,unknown,Z osobního archivu p. Jaromíra Urbánka.,
urbanek-ceske-slovo-032,"Články z Českého slova/31 a.jpg","31 a.jpg",jpg,1wxyp-RzIM_EFILBYyurGhpoJPs9QKdu1,891687,image,drive_listed_repo_path_pending,pending,pending,pending,unknown,Z osobního archivu p. Jaromíra Urbánka.,
urbanek-ceske-slovo-033,"Články z Českého slova/31 b.jpg","31 b.jpg",jpg,1EaPbhuqUUl1KG1m46lVgVWVy3hAT1cwN,854950,image,drive_listed_repo_path_pending,pending,pending,pending,unknown,Z osobního archivu p. Jaromíra Urbánka.,
urbanek-ceske-slovo-034,Články z Českého slova/32.jpg,32.jpg,jpg,1BB5qbgBvP41FqrtRU1i0Bt5A35jOrkAg,393160,image,drive_listed_repo_path_pending,pending,pending,pending,unknown,Z osobního archivu p. Jaromíra Urbánka.,
urbanek-ceske-slovo-035,Články z Českého slova/33.jpg,33.jpg,jpg,1ANyU9nnq6DRxny0V3n52HFwXB5C2OIYc,677407,image,drive_listed_repo_path_pending,pending,pending,pending,unknown,Z osobního archivu p. Jaromíra Urbánka.,
urbanek-ceske-slovo-036,Články z Českého slova/34.jpg,34.jpg,jpg,1RNZFKmaUx80p1v8zfxiXn1uQcEDOzxRF,370990,image,drive_listed_repo_path_pending,pending,pending,pending,unknown,Z osobního archivu p. Jaromíra Urbánka.,
urbanek-ceske-slovo-037,Články z Českého slova/35.jpg,35.jpg,jpg,1pVhMZMpKRg_qdP0_ki39h3uHBlLmt1Pb,887668,image,drive_listed_repo_path_pending,pending,pending,pending,unknown,Z osobního archivu p. Jaromíra Urbánka.,
urbanek-ceske-slovo-038,Články z Českého slova/Thumbs.db,Thumbs.db,db,1_zenhBuVrlmIm1MkIDtchudnU7LbjtPe,304640,technical_thumbnail_cache,drive_listed_repo_path_pending,not_applicable,not_applicable,not_applicable,unknown,Z osobního archivu p. Jaromíra Urbánka.,Ponechat pro případnou další analýzu.
urbanek-ceske-slovo-039,Články z Českého slova/ZbThumbnail.info,ZbThumbnail.info,info,1mO4t0Gg9gA31jOjvUNHF9XDn76-UoxBt,170317,technical_thumbnail_cache,drive_listed_repo_path_pending,not_applicable,not_applicable,not_applicable,unknown,Z osobního archivu p. Jaromíra Urbánka.,Ponechat pro případnou další analýzu.
