id,original_path,repo_path,filename,extension,mime_type,size_bytes,file_role,repo_status,classification_status,ocr_document_text,ocr_scene_text,rights,attribution,notes
urbanek-ochotnici-001,Ochotníci rychvald/Článek.jpg,sources/osobni-archiv-jaromira-urbanka/Ochotníci rychvald/Článek.jpg,Článek.jpg,jpg,image/jpeg,1601507,image_or_document_scan_pending,repo_verified,pending,pending,pending,unknown,Z osobního archivu p. Jaromíra Urbánka.,
urbanek-ochotnici-002,Ochotníci rychvald/Z výstavky v kulturáku 1.jpg,sources/osobni-archiv-jaromira-urbanka/Ochotníci rychvald/Z výstavky v kulturáku 1.jpg,Z výstavky v kulturáku 1.jpg,jpg,image/jpeg,1212218,image_or_document_scan_pending,repo_verified,pending,pending,pending,unknown,Z osobního archivu p. Jaromíra Urbánka.,
urbanek-ochotnici-003,Ochotníci rychvald/Seznam her v nichž hrál M. Neborák.jpg,sources/osobni-archiv-jaromira-urbanka/Ochotníci rychvald/Seznam her v nichž hrál M. Neborák.jpg,Seznam her v nichž hrál M. Neborák.jpg,jpg,image/jpeg,1368079,image_or_document_scan_pending,repo_verified,pending,pending,pending,unknown,Z osobního archivu p. Jaromíra Urbánka.,
urbanek-ochotnici-004,Ochotníci rychvald/Svět v obrazech.jpg,sources/osobni-archiv-jaromira-urbanka/Ochotníci rychvald/Svět v obrazech.jpg,Svět v obrazech.jpg,jpg,image/jpeg,2919156,image_or_document_scan_pending,repo_verified,pending,pending,pending,unknown,Z osobního archivu p. Jaromíra Urbánka.,
urbanek-ochotnici-005,Ochotníci rychvald/P1020772.JPG,sources/osobni-archiv-jaromira-urbanka/Ochotníci rychvald/P1020772.JPG,P1020772.JPG,JPG,image/jpeg,2361167,image_or_document_scan_pending,repo_verified,pending,pending,pending,unknown,Z osobního archivu p. Jaromíra Urbánka.,
urbanek-ochotnici-006,Ochotníci rychvald/P1020771.JPG,sources/osobni-archiv-jaromira-urbanka/Ochotníci rychvald/P1020771.JPG,P1020771.JPG,JPG,image/jpeg,3171782,image_or_document_scan_pending,repo_verified,pending,pending,pending,unknown,Z osobního archivu p. Jaromíra Urbánka.,
urbanek-ochotnici-007,Ochotníci rychvald/P1020770.JPG,sources/osobni-archiv-jaromira-urbanka/Ochotníci rychvald/P1020770.JPG,P1020770.JPG,JPG,image/jpeg,2541410,image_or_document_scan_pending,repo_verified,pending,pending,pending,unknown,Z osobního archivu p. Jaromíra Urbánka.,
urbanek-ochotnici-008,Ochotníci rychvald/P1020769.JPG,sources/osobni-archiv-jaromira-urbanka/Ochotníci rychvald/P1020769.JPG,P1020769.JPG,JPG,image/jpeg,3254097,image_or_document_scan_pending,repo_verified,pending,pending,pending,unknown,Z osobního archivu p. Jaromíra Urbánka.,
urbanek-ochotnici-009,Ochotníci rychvald/P1020600.JPG,sources/osobni-archiv-jaromira-urbanka/Ochotníci rychvald/P1020600.JPG,P1020600.JPG,JPG,image/jpeg,2718144,image_or_document_scan_pending,repo_verified,pending,pending,pending,unknown,Z osobního archivu p. Jaromíra Urbánka.,
urbanek-ochotnici-010,Ochotníci rychvald/P1020599.JPG,sources/osobni-archiv-jaromira-urbanka/Ochotníci rychvald/P1020599.JPG,P1020599.JPG,JPG,image/jpeg,3474281,image_or_document_scan_pending,repo_verified,pending,pending,pending,unknown,Z osobního archivu p. Jaromíra Urbánka.,
urbanek-ochotnici-011,Ochotníci rychvald/Kroměříž 1.jpg,sources/osobni-archiv-jaromira-urbanka/Ochotníci rychvald/Kroměříž 1.jpg,Kroměříž 1.jpg,jpg,image/jpeg,2895201,image_or_document_scan_pending,repo_verified,pending,pending,pending,unknown,Z osobního archivu p. Jaromíra Urbánka.,
urbanek-ochotnici-012,Ochotníci rychvald/Kroměříž 2.jpg,sources/osobni-archiv-jaromira-urbanka/Ochotníci rychvald/Kroměříž 2.jpg,Kroměříž 2.jpg,jpg,image/jpeg,3354994,image_or_document_scan_pending,repo_verified,pending,pending,pending,unknown,Z osobního archivu p. Jaromíra Urbánka.,
urbanek-ochotnici-013,Ochotníci rychvald/img216.jpg,sources/osobni-archiv-jaromira-urbanka/Ochotníci rychvald/img216.jpg,img216.jpg,jpg,image/jpeg,2685093,image_or_document_scan_pending,repo_verified,pending,pending,pending,unknown,Z osobního archivu p. Jaromíra Urbánka.,
urbanek-ochotnici-014,Ochotníci rychvald/img210.jpg,sources/osobni-archiv-jaromira-urbanka/Ochotníci rychvald/img210.jpg,img210.jpg,jpg,image/jpeg,3279141,image_or_document_scan_pending,repo_verified,pending,pending,pending,unknown,Z osobního archivu p. Jaromíra Urbánka.,
urbanek-ochotnici-015,Ochotníci rychvald/img205.jpg,sources/osobni-archiv-jaromira-urbanka/Ochotníci rychvald/img205.jpg,img205.jpg,jpg,image/jpeg,2659069,image_or_document_scan_pending,repo_verified,pending,pending,pending,unknown,Z osobního archivu p. Jaromíra Urbánka.,
urbanek-ochotnici-016,Ochotníci rychvald/img204.jpg,sources/osobni-archiv-jaromira-urbanka/Ochotníci rychvald/img204.jpg,img204.jpg,jpg,image/jpeg,3259166,image_or_document_scan_pending,repo_verified,pending,pending,pending,unknown,Z osobního archivu p. Jaromíra Urbánka.,
urbanek-ochotnici-017,Ochotníci rychvald/img203.jpg,sources/osobni-archiv-jaromira-urbanka/Ochotníci rychvald/img203.jpg,img203.jpg,jpg,image/jpeg,3255383,image_or_document_scan_pending,repo_verified,pending,pending,pending,unknown,Z osobního archivu p. Jaromíra Urbánka.,
urbanek-ochotnici-018,Ochotníci rychvald/div. kroužek.jpg,sources/osobni-archiv-jaromira-urbanka/Ochotníci rychvald/div. kroužek.jpg,div. kroužek.jpg,jpg,image/jpeg,1197272,image_or_document_scan_pending,repo_verified,pending,pending,pending,unknown,Z osobního archivu p. Jaromíra Urbánka.,
urbanek-ochotnici-019,Ochotníci rychvald/Článek v čas. Těšínsko.jpg,sources/osobni-archiv-jaromira-urbanka/Ochotníci rychvald/Článek v čas. Těšínsko.jpg,Článek v čas. Těšínsko.jpg,jpg,image/jpeg,862703,image_or_document_scan_pending,repo_verified,pending,pending,pending,unknown,Z osobního archivu p. Jaromíra Urbánka.,
urbanek-ochotnici-020,Ochotníci rychvald/Zabloudil Pešková.jpg,sources/osobni-archiv-jaromira-urbanka/Ochotníci rychvald/Zabloudil Pešková.jpg,Zabloudil Pešková.jpg,jpg,image/jpeg,534271,image_or_document_scan_pending,repo_verified,pending,pending,pending,unknown,Z osobního archivu p. Jaromíra Urbánka.,
urbanek-ochotnici-021,Ochotníci rychvald/Z výstavky 2.jpg,sources/osobni-archiv-jaromira-urbanka/Ochotníci rychvald/Z výstavky 2.jpg,Z výstavky 2.jpg,jpg,image/jpeg,942136,image_or_document_scan_pending,repo_verified,pending,pending,pending,unknown,Z osobního archivu p. Jaromíra Urbánka.,
urbanek-ochotnici-022,Ochotníci rychvald/Viola- Sylvie Kravalová MUDr Jaromír Marcalík Sebastiano Violin bratr Irena Marcalíková.jpg,sources/osobni-archiv-jaromira-urbanka/Ochotníci rychvald/Viola- Sylvie Kravalová MUDr Jaromír Marcalík Sebastiano Violin bratr Irena Marcalíková.jpg,Viola- Sylvie Kravalová MUDr Jaromír Marcalík Sebastiano Violin bratr Irena Marcalíková.jpg,jpg,image/jpeg,229267,image_or_document_scan_pending,repo_verified,pending,pending,pending,unknown,Z osobního archivu p. Jaromíra Urbánka.,
urbanek-ochotnici-023,Ochotníci rychvald/četné uznání.jpg,sources/osobni-archiv-jaromira-urbanka/Ochotníci rychvald/četné uznání.jpg,četné uznání.jpg,jpg,image/jpeg,682522,image_or_document_scan_pending,repo_verified,pending,pending,pending,unknown,Z osobního archivu p. Jaromíra Urbánka.,
urbanek-ochotnici-024,Ochotníci rychvald/Šašek Vejražka - Libor Smetana.jpg,sources/osobni-archiv-jaromira-urbanka/Ochotníci rychvald/Šašek Vejražka - Libor Smetana.jpg,Šašek Vejražka - Libor Smetana.jpg,jpg,image/jpeg,285087,image_or_document_scan_pending,repo_verified,pending,pending,pending,unknown,Z osobního archivu p. Jaromíra Urbánka.,
urbanek-ochotnici-025,Ochotníci rychvald/Viola a Fabiano - Sylvie Kravalová a Radomír Jurdin.jpg,sources/osobni-archiv-jaromira-urbanka/Ochotníci rychvald/Viola a Fabiano - Sylvie Kravalová a Radomír Jurdin.jpg,Viola a Fabiano - Sylvie Kravalová a Radomír Jurdin.jpg,jpg,image/jpeg,391849,image_or_document_scan_pending,repo_verified,pending,pending,pending,unknown,Z osobního archivu p. Jaromíra Urbánka.,
urbanek-ochotnici-026,Ochotníci rychvald/Sebastiano - Irena Marcalíková.jpg,sources/osobni-archiv-jaromira-urbanka/Ochotníci rychvald/Sebastiano - Irena Marcalíková.jpg,Sebastiano - Irena Marcalíková.jpg,jpg,image/jpeg,349687,image_or_document_scan_pending,repo_verified,pending,pending,pending,unknown,Z osobního archivu p. Jaromíra Urbánka.,
urbanek-ochotnici-027,Ochotníci rychvald/Z danního tisku.jpg,sources/osobni-archiv-jaromira-urbanka/Ochotníci rychvald/Z danního tisku.jpg,Z danního tisku.jpg,jpg,image/jpeg,741368,image_or_document_scan_pending,repo_verified,pending,pending,pending,unknown,Z osobního archivu p. Jaromíra Urbánka.,
urbanek-ochotnici-028,Ochotníci rychvald/Článek v čas. Těšínsko I.jpg,sources/osobni-archiv-jaromira-urbanka/Ochotníci rychvald/Článek v čas. Těšínsko I.jpg,Článek v čas. Těšínsko I.jpg,jpg,image/jpeg,952528,image_or_document_scan_pending,repo_verified,pending,pending,pending,unknown,Z osobního archivu p. Jaromíra Urbánka.,
urbanek-ochotnici-029,Ochotníci rychvald/Zabloudil Suider.jpg,sources/osobni-archiv-jaromira-urbanka/Ochotníci rychvald/Zabloudil Suider.jpg,Zabloudil Suider.jpg,jpg,image/jpeg,438456,image_or_document_scan_pending,repo_verified,pending,pending,pending,unknown,Z osobního archivu p. Jaromíra Urbánka.,
urbanek-ochotnici-030,Ochotníci rychvald/Zabloudil.jpg,sources/osobni-archiv-jaromira-urbanka/Ochotníci rychvald/Zabloudil.jpg,Zabloudil.jpg,jpg,image/jpeg,354833,image_or_document_scan_pending,repo_verified,pending,pending,pending,unknown,Z osobního archivu p. Jaromíra Urbánka.,
urbanek-ochotnici-031,Ochotníci rychvald/ZbThumbnail.info,sources/osobni-archiv-jaromira-urbanka/Ochotníci rychvald/ZbThumbnail.info,ZbThumbnail.info,info,application/octet-stream,521574,technical_thumbnail_cache,repo_verified,not_applicable,not_applicable,not_applicable,unknown,Z osobního archivu p. Jaromíra Urbánka.,Ponechat pro případnou další analýzu.
urbanek-ochotnici-032,Ochotníci rychvald/večer třikr.jpg,sources/osobni-archiv-jaromira-urbanka/Ochotníci rychvald/večer třikr.jpg,večer třikr.jpg,jpg,image/jpeg,260209,image_or_document_scan_pending,repo_verified,pending,pending,pending,unknown,Z osobního archivu p. Jaromíra Urbánka.,
urbanek-ochotnici-033,Ochotníci rychvald/vecere trikralovy.jpg,sources/osobni-archiv-jaromira-urbanka/Ochotníci rychvald/vecere trikralovy.jpg,vecere trikralovy.jpg,jpg,image/jpeg,340861,image_or_document_scan_pending,repo_verified,pending,pending,pending,unknown,Z osobního archivu p. Jaromíra Urbánka.,
urbanek-ochotnici-034,Ochotníci rychvald/Suder Pešková Zabloudil.jpg,sources/osobni-archiv-jaromira-urbanka/Ochotníci rychvald/Suder Pešková Zabloudil.jpg,Suder Pešková Zabloudil.jpg,jpg,image/jpeg,655342,image_or_document_scan_pending,repo_verified,pending,pending,pending,unknown,Z osobního archivu p. Jaromíra Urbánka.,
urbanek-ochotnici-035,Ochotníci rychvald/Sylvie Kravalová - Irena Marcalíková.jpg,sources/osobni-archiv-jaromira-urbanka/Ochotníci rychvald/Sylvie Kravalová - Irena Marcalíková.jpg,Sylvie Kravalová - Irena Marcalíková.jpg,jpg,image/jpeg,389365,image_or_document_scan_pending,repo_verified,pending,pending,pending,unknown,Z osobního archivu p. Jaromíra Urbánka.,
urbanek-ochotnici-036,Ochotníci rychvald/Thumbs.db,sources/osobni-archiv-jaromira-urbanka/Ochotníci rychvald/Thumbs.db,Thumbs.db,db,application/octet-stream,366080,technical_thumbnail_cache,repo_verified,not_applicable,not_applicable,not_applicable,unknown,Z osobního archivu p. Jaromíra Urbánka.,Ponechat pro případnou další analýzu.
urbanek-ochotnici-037,Ochotníci rychvald/Peška.jpg,sources/osobni-archiv-jaromira-urbanka/Ochotníci rychvald/Peška.jpg,Peška.jpg,jpg,image/jpeg,484447,image_or_document_scan_pending,repo_verified,pending,pending,pending,unknown,Z osobního archivu p. Jaromíra Urbánka.,
urbanek-ochotnici-038,Ochotníci rychvald/Olivie - Eva Močkořová.jpg,sources/osobni-archiv-jaromira-urbanka/Ochotníci rychvald/Olivie - Eva Močkořová.jpg,Olivie - Eva Močkořová.jpg,jpg,image/jpeg,581799,image_or_document_scan_pending,repo_verified,pending,pending,pending,unknown,Z osobního archivu p. Jaromíra Urbánka.,
urbanek-ochotnici-039,Ochotníci rychvald/posledni noc  program.jpg,sources/osobni-archiv-jaromira-urbanka/Ochotníci rychvald/posledni noc  program.jpg,posledni noc  program.jpg,jpg,image/jpeg,137775,image_or_document_scan_pending,repo_verified,pending,pending,pending,unknown,Z osobního archivu p. Jaromíra Urbánka.,
urbanek-ochotnici-040,Ochotníci rychvald/Orsino- Oldřich Kuboš.jpg,sources/osobni-archiv-jaromira-urbanka/Ochotníci rychvald/Orsino- Oldřich Kuboš.jpg,Orsino- Oldřich Kuboš.jpg,jpg,image/jpeg,296621,image_or_document_scan_pending,repo_verified,pending,pending,pending,unknown,Z osobního archivu p. Jaromíra Urbánka.,
urbanek-ochotnici-041,Ochotníci rychvald/Rytíř  Tobiáš Říhal - Jaromír Suder.jpg,sources/osobni-archiv-jaromira-urbanka/Ochotníci rychvald/Rytíř  Tobiáš Říhal - Jaromír Suder.jpg,Rytíř  Tobiáš Říhal - Jaromír Suder.jpg,jpg,image/jpeg,371025,image_or_document_scan_pending,repo_verified,pending,pending,pending,unknown,Z osobního archivu p. Jaromíra Urbánka.,
urbanek-ochotnici-042,Ochotníci rychvald/Slavnost lampionu program.jpg,sources/osobni-archiv-jaromira-urbanka/Ochotníci rychvald/Slavnost lampionu program.jpg,Slavnost lampionu program.jpg,jpg,image/jpeg,191670,image_or_document_scan_pending,repo_verified,pending,pending,pending,unknown,Z osobního archivu p. Jaromíra Urbánka.,
urbanek-ochotnici-043,Ochotníci rychvald/Maskér ŠŤastný při práci.jpg,sources/osobni-archiv-jaromira-urbanka/Ochotníci rychvald/Maskér ŠŤastný při práci.jpg,Maskér ŠŤastný při práci.jpg,jpg,image/jpeg,385801,image_or_document_scan_pending,repo_verified,pending,pending,pending,unknown,Z osobního archivu p. Jaromíra Urbánka.,
urbanek-ochotnici-044,Ochotníci rychvald/Marie Tonča Pešková.jpg,sources/osobni-archiv-jaromira-urbanka/Ochotníci rychvald/Marie Tonča Pešková.jpg,Marie Tonča Pešková.jpg,jpg,image/jpeg,310193,image_or_document_scan_pending,repo_verified,pending,pending,pending,unknown,Z osobního archivu p. Jaromíra Urbánka.,
urbanek-ochotnici-045,Ochotníci rychvald/Malvolio - Bořivoj Peška.jpg,sources/osobni-archiv-jaromira-urbanka/Ochotníci rychvald/Malvolio - Bořivoj Peška.jpg,Malvolio - Bořivoj Peška.jpg,jpg,image/jpeg,376147,image_or_document_scan_pending,repo_verified,pending,pending,pending,unknown,Z osobního archivu p. Jaromíra Urbánka.,
urbanek-ochotnici-046,Ochotníci rychvald/Kněz - Jiří Mikšan.jpg,sources/osobni-archiv-jaromira-urbanka/Ochotníci rychvald/Kněz - Jiří Mikšan.jpg,Kněz - Jiří Mikšan.jpg,jpg,image/jpeg,539798,image_or_document_scan_pending,repo_verified,pending,pending,pending,unknown,Z osobního archivu p. Jaromíra Urbánka.,
urbanek-ochotnici-047,Ochotníci rychvald/ocenění.jpg,sources/osobni-archiv-jaromira-urbanka/Ochotníci rychvald/ocenění.jpg,ocenění.jpg,jpg,image/jpeg,554231,image_or_document_scan_pending,repo_verified,pending,pending,pending,unknown,Z osobního archivu p. Jaromíra Urbánka.,
urbanek-ochotnici-048,Ochotníci rychvald/Malvolio  II Bořivoj Peška.jpg,sources/osobni-archiv-jaromira-urbanka/Ochotníci rychvald/Malvolio  II Bořivoj Peška.jpg,Malvolio  II Bořivoj Peška.jpg,jpg,image/jpeg,336434,image_or_document_scan_pending,repo_verified,pending,pending,pending,unknown,Z osobního archivu p. Jaromíra Urbánka.,
urbanek-ochotnici-049,Ochotníci rychvald/Marcalíková a Sylva.jpg,sources/osobni-archiv-jaromira-urbanka/Ochotníci rychvald/Marcalíková a Sylva.jpg,Marcalíková a Sylva.jpg,jpg,image/jpeg,727846,image_or_document_scan_pending,repo_verified,pending,pending,pending,unknown,Z osobního archivu p. Jaromíra Urbánka.,
urbanek-ochotnici-050,Ochotníci rychvald/MUDr Jaromír Marcalík - režisér.jpg,sources/osobni-archiv-jaromira-urbanka/Ochotníci rychvald/MUDr Jaromír Marcalík - režisér.jpg,MUDr Jaromír Marcalík - režisér.jpg,jpg,image/jpeg,206739,image_or_document_scan_pending,repo_verified,pending,pending,pending,unknown,Z osobního archivu p. Jaromíra Urbánka.,
urbanek-ochotnici-051,Ochotníci rychvald/Fabiano - Václav Válek.jpg,sources/osobni-archiv-jaromira-urbanka/Ochotníci rychvald/Fabiano - Václav Válek.jpg,Fabiano - Václav Válek.jpg,jpg,image/jpeg,366348,image_or_document_scan_pending,repo_verified,pending,pending,pending,unknown,Z osobního archivu p. Jaromíra Urbánka.,
urbanek-ochotnici-052,Ochotníci rychvald/Glacová.jpg,sources/osobni-archiv-jaromira-urbanka/Ochotníci rychvald/Glacová.jpg,Glacová.jpg,jpg,image/jpeg,246336,image_or_document_scan_pending,repo_verified,pending,pending,pending,unknown,Z osobního archivu p. Jaromíra Urbánka.,
urbanek-ochotnici-053,Ochotníci rychvald/Hudebníci Václav Bialek Oldřich Gřibek.jpg,sources/osobni-archiv-jaromira-urbanka/Ochotníci rychvald/Hudebníci Václav Bialek Oldřich Gřibek.jpg,Hudebníci Václav Bialek Oldřich Gřibek.jpg,jpg,image/jpeg,388384,image_or_document_scan_pending,repo_verified,pending,pending,pending,unknown,Z osobního archivu p. Jaromíra Urbánka.,
urbanek-ochotnici-054,Ochotníci rychvald/img356.jpg,sources/osobni-archiv-jaromira-urbanka/Ochotníci rychvald/img356.jpg,img356.jpg,jpg,image/jpeg,421420,image_or_document_scan_pending,repo_verified,pending,pending,pending,unknown,Z osobního archivu p. Jaromíra Urbánka.,
urbanek-ochotnici-055,Ochotníci rychvald/Dámy a husaři- Řehoř a Hanka Jaromír Suder a Alice Kubošová.jpg,sources/osobni-archiv-jaromira-urbanka/Ochotníci rychvald/Dámy a husaři- Řehoř a Hanka Jaromír Suder a Alice Kubošová.jpg,Dámy a husaři- Řehoř a Hanka Jaromír Suder a Alice Kubošová.jpg,jpg,image/jpeg,179620,image_or_document_scan_pending,repo_verified,pending,pending,pending,unknown,Z osobního archivu p. Jaromíra Urbánka.,
urbanek-ochotnici-056,Ochotníci rychvald/Irena Marcalíková.jpg,sources/osobni-archiv-jaromira-urbanka/Ochotníci rychvald/Irena Marcalíková.jpg,Irena Marcalíková.jpg,jpg,image/jpeg,271380,image_or_document_scan_pending,repo_verified,pending,pending,pending,unknown,Z osobního archivu p. Jaromíra Urbánka.,
urbanek-ochotnici-057,Ochotníci rychvald/Dvořan -Miroslav Glac.jpg,sources/osobni-archiv-jaromira-urbanka/Ochotníci rychvald/Dvořan -Miroslav Glac.jpg,Dvořan -Miroslav Glac.jpg,jpg,image/jpeg,259725,image_or_document_scan_pending,repo_verified,pending,pending,pending,unknown,Z osobního archivu p. Jaromíra Urbánka.,
urbanek-ochotnici-058,Ochotníci rychvald/Dvorní dáma - Alice Kubošová.jpg,sources/osobni-archiv-jaromira-urbanka/Ochotníci rychvald/Dvorní dáma - Alice Kubošová.jpg,Dvorní dáma - Alice Kubošová.jpg,jpg,image/jpeg,328994,image_or_document_scan_pending,repo_verified,pending,pending,pending,unknown,Z osobního archivu p. Jaromíra Urbánka.,
urbanek-ochotnici-059,Ochotníci rychvald/Divadelní soubor Osvět. besedy.jpg,sources/osobni-archiv-jaromira-urbanka/Ochotníci rychvald/Divadelní soubor Osvět. besedy.jpg,Divadelní soubor Osvět. besedy.jpg,jpg,image/jpeg,460151,image_or_document_scan_pending,repo_verified,pending,pending,pending,unknown,Z osobního archivu p. Jaromíra Urbánka.,
urbanek-ochotnici-060,Ochotníci rychvald/Curio- Ladislav Vybranec.jpg,sources/osobni-archiv-jaromira-urbanka/Ochotníci rychvald/Curio- Ladislav Vybranec.jpg,Curio- Ladislav Vybranec.jpg,jpg,image/jpeg,335252,image_or_document_scan_pending,repo_verified,pending,pending,pending,unknown,Z osobního archivu p. Jaromíra Urbánka.,
urbanek-ochotnici-061,Ochotníci rychvald/112 let ochotnických souborů v.doc,sources/osobni-archiv-jaromira-urbanka/Ochotníci rychvald/112 let ochotnických souborů v.doc,112 let ochotnických souborů v.doc,doc,application/msword,27136,document_file,repo_verified,pending,pending,not_applicable,unknown,Z osobního archivu p. Jaromíra Urbánka.,Původní binární dokument DOC; obsah ověřit samostatně.
urbanek-ochotnici-062,Ochotníci rychvald/Biřic - Miroslav Glac.jpg,sources/osobni-archiv-jaromira-urbanka/Ochotníci rychvald/Biřic - Miroslav Glac.jpg,Biřic - Miroslav Glac.jpg,jpg,image/jpeg,393255,image_or_document_scan_pending,repo_verified,pending,pending,pending,unknown,Z osobního archivu p. Jaromíra Urbánka.,
urbanek-ochotnici-063,Ochotníci rychvald/Antonio - Mir. Neborák.jpg,sources/osobni-archiv-jaromira-urbanka/Ochotníci rychvald/Antonio - Mir. Neborák.jpg,Antonio - Mir. Neborák.jpg,jpg,image/jpeg,469788,image_or_document_scan_pending,repo_verified,pending,pending,pending,unknown,Z osobního archivu p. Jaromíra Urbánka.,
